familyId,chassisId,prefabName,shipLevel,cockpit,wing,engine,thruster,weaponBullet,weaponCannon,tail,hull,other,propulsion,weapons,cargoParts,firePower,fireRate,dps,rammingPower,healthCap,energyCap,energyRegen,moveSpeed,turnSpeed,gemCap,peopleCap,powerScore
AstroEagle,AstroEagle_01,AstroEagle_Hawk,1,1,1,1,1,1,0,1,2,0,2,1,2,3,3,9,1,23.464,15,2.1,14.4,22.654,80,6.8,103.156
AstroEagle,AstroEagle_03,AstroEagle_Sparrow,2,2,1,1,1,1,0,2,1,0,2,1,3,3.3,3,9.9,3.3,46.583,15.941,2.114,12.474,22.015,123.2,10.472,131.029
AstroEagle,AstroEagle_08,AstroEagle_Slicer,2,2,1,2,1,1,0,1,2,0,3,1,3,9.24,2.93,27.07,3.3,45.607,17.961,1.955,14.058,11.42,156.727,13.322,135.872
AstroEagle,AstroEagle_02,AstroEagle_Bat,3,3,1,1,1,1,0,2,1,0,2,1,4,4.68,3.606,16.875,3.744,42.105,21.084,2.654,8.448,41.498,151.643,12.89,155.36
AstroEagle,AstroEagle_15,AstroEagle_DoubleDragon,3,2,1,2,1,1,0,1,2,0,3,1,3,3.637,4.64,16.875,5.088,58.883,21.453,2.784,14.4,22.147,196.247,16.681,164.203
AstroEagle,AstroEagle_06,AstroEagle_Turtle,3,2,1,1,1,1,0,1,2,0,2,1,3,4.511,3.741,16.875,3.6,65.518,20.217,2.351,12.096,11.074,167.869,14.269,153.46
AstroEagle,AstroEagle_07,AstroEagle_Starship,4,2,1,1,1,1,0,1,2,0,2,1,3,6.057,6.223,37.69,2.6,41.708,27.615,2.499,11.466,29.976,152.598,12.971,160.313
AstroEagle,AstroEagle_05,AstroEagle_Stringray,4,1,1,1,1,1,0,1,0,0,2,1,2,4.896,3.734,18.281,1.3,48.33,21.765,2.499,11.466,10.497,300.461,25.539,152.609
AstroEagle,AstroEagle_04,AstroEagle_Whale,4,1,1,1,1,1,0,0,0,0,2,1,2,6.854,5.228,35.831,1.3,46.8,31.655,3.913,9.828,0.379,260,22.1,153.625
AstroEagle,AstroEagle_11,AstroEagle_Squid,4,3,2,1,1,1,0,1,2,0,2,1,5,6.825,5.25,35.831,4.056,74.25,26.975,2.275,9.828,19.858,207.858,17.668,188.866
AstroEagle,AstroEagle_12,AstroEagle_Eagle,5,3,2,1,1,1,0,1,2,0,2,1,5,5.642,6.84,38.588,7.336,79.574,30.103,2.819,10.584,18.68,199.24,16.935,195.401
AstroEagle,AstroEagle_14,AstroEagle_DoubleBarrel,5,2,1,1,1,1,0,1,2,0,2,1,3,5.25,3.75,19.688,4.2,94.995,24.22,2.964,10.584,9.69,363.847,30.927,210.212
AstroEagle,AstroEagle_10,AstroEagle_Turkey,5,3,2,1,1,1,0,1,1,0,2,1,5,5.82,3.383,19.688,4.368,79.535,23.45,2.695,10.584,9.69,352.411,29.955,192.343
AstroEagle,AstroEagle_09,AstroEagle_Feather,5,3,2,1,1,1,0,1,2,0,2,1,5,5.25,3.75,19.688,4.368,115.242,22.75,2.45,9.072,18.33,335.847,28.547,232.931
AstroEagle,AstroEagle_20,AstroEagle_Bee,5,3,3,2,1,1,0,1,2,0,3,1,6,6.909,5.649,39.027,7.168,96.215,32.939,3.811,16.296,20.078,339.079,28.822,241.798
AstroEagle,AstroEagle_17,AstroEagle_Thumper,6,3,1,1,1,1,0,2,2,0,2,1,4,7.908,5.228,41.344,4.68,66.323,31.863,2.883,10.05,41.072,240.489,20.442,212.627
AstroEagle,AstroEagle_13,AstroEagle_Hippo,6,1,1,1,1,1,0,1,0,0,2,1,2,7.908,5.228,41.344,1.5,114.75,31.114,2.621,8.1,8.339,750,63.75,288.868
AstroEagle,AstroEagle_19,AstroEagle_Harvester,6,3,5,1,1,1,0,1,2,0,2,1,8,8.352,4.957,41.4,4.68,112.015,33.547,3.473,12.15,9.276,507.41,43.13,265.337
AstroEagle,AstroEagle_18,AstroEagle_Pancakes,6,2,1,2,1,1,0,2,1,0,3,1,3,6.48,6.38,41.344,7.5,111.973,32.187,2.997,11.85,16.678,497.632,42.299,267.502
AstroEagle,AstroEagle_21,AstroEagle_Tortoise,6,1,1,1,1,1,0,1,1,0,2,1,2,5.662,3.726,21.094,1.5,90.042,26.266,3.287,12.15,9.276,483.153,41.068,223.48
AstroEagle,AstroEagle_16,AstroEagle_Spider,6,1,1,1,1,1,0,0,2,0,2,1,2,9.151,7.469,68.344,1.5,80.825,37.864,2.621,8.1,0.312,347.829,29.565,210.934
CosmicShark,CosmicShark_15,CosmicShark_Pony,1,0,2,1,1,0,0,0,2,0,2,0,2,3,3,9,1,27.623,6.5,2.275,17.8,2.497,90.457,7.689,83.649
CosmicShark,CosmicShark_06,CosmicShark_CEO,2,0,2,2,1,1,0,0,3,0,3,1,2,2.228,6.943,15.469,1.1,30.998,18.537,2.157,13.068,0.824,76.172,6.475,93.155
CosmicShark,CosmicShark_08,CosmicShark_October,2,0,1,1,0,1,0,0,3,0,1,1,1,3.896,3.971,15.469,1.1,30.276,15.708,1.167,10.296,13.86,62.009,5.271,98.802
CosmicShark,CosmicShark_03,CosmicShark_Goldie,3,0,2,1,1,1,0,0,3,0,2,1,2,4.5,3.75,16.875,1.2,39.467,14.471,0.34,9.216,0.799,107.681,9.153,98.259
CosmicShark,CosmicShark_04,CosmicShark_Donkey,3,0,2,1,1,1,0,0,3,0,2,1,2,4.5,3.75,16.875,1.2,42.139,21.601,2.835,12.672,1.598,96.366,8.191,113.536
CosmicShark,CosmicShark_01,CosmicShark_Mouse,3,0,2,1,0,1,0,0,2,0,1,1,2,2.019,8.358,16.875,1.2,30.077,16.577,1.077,8.448,13.44,88.059,7.485,98.39
CosmicShark,CosmicShark_10,CosmicShark_Blitzer,4,0,2,2,1,1,0,0,2,0,3,1,2,2.438,4.8,11.7,1.3,48.299,20.333,3.021,12.194,0.379,183.626,15.608,122.653
CosmicShark,CosmicShark_17,CosmicShark_Bruiser,4,0,2,1,1,1,0,0,3,0,2,1,2,7.658,2.387,18.281,1.3,42.486,20.828,2.171,10.92,0.758,138.595,11.781,118.142
CosmicShark,CosmicShark_07,CosmicShark_Lander,4,0,2,1,1,1,0,0,3,0,2,1,2,4.604,3.97,18.281,1.3,48.051,21.087,2.262,11.466,0.758,136.305,11.586,121.47
CosmicShark,CosmicShark_05,CosmicShark_Booster,4,0,2,1,1,1,0,0,2,0,2,1,2,3.642,5.02,18.281,1.3,34.513,23.859,3.232,11.466,0.758,123.239,10.475,108.645
CosmicShark,CosmicShark_02,CosmicShark_Sly,5,0,2,1,0,1,0,0,1,0,1,1,2,6.926,2.842,19.688,1.4,61.379,21.35,1.96,6.72,11.76,220.852,18.772,154.065
CosmicShark,CosmicShark_12,CosmicShark_G6,5,0,2,2,0,1,0,0,3,0,2,1,2,5.25,3.75,19.688,1.4,58.274,27.234,4.019,11.424,11.76,168,14.28,155.412
CosmicShark,CosmicShark_09,CosmicShark_Sprinter,5,0,2,2,1,1,0,0,3,0,3,1,2,3.717,10.382,38.588,1.4,59.933,28.218,2.159,11.088,0.699,162.757,13.834,148.688
CosmicShark,CosmicShark_14,CosmicShark_Falcon,5,0,2,2,1,1,0,0,3,0,3,1,2,1.838,9.375,17.227,1.4,56.45,21.723,2.091,11.928,0.699,161.112,13.695,131.28
CosmicShark,CosmicShark_11,CosmicShark_Skater,5,0,1,2,1,1,0,0,3,0,3,1,1,4.404,20.625,90.832,1.4,44.72,40.83,2.163,11.928,0.699,107.006,9.095,152.316
CosmicShark,CosmicShark_19,CosmicShark_Scout,6,0,2,2,1,1,0,0,3,0,3,1,2,5.957,12.318,73.373,1.5,105.287,39.541,3.208,10.65,0.624,342.833,29.141,237.596
CosmicShark,CosmicShark_20,CosmicShark_Duet,6,0,2,2,1,1,0,0,3,0,3,1,2,5.167,8.566,44.263,1.5,100.808,32.758,3.197,13.05,0.624,327.234,27.815,219.881
CosmicShark,CosmicShark_13,CosmicShark_Zam,6,0,2,2,1,1,0,0,2,0,3,1,2,3.644,11.345,41.344,1.5,87.764,31.306,2.688,10.65,0.624,313.839,26.676,198.865
CosmicShark,CosmicShark_18,CosmicShark_Cruiser,6,0,2,2,1,1,0,0,3,0,3,1,2,6.562,10.918,71.649,1.5,69.601,39.717,3.27,10.65,0.624,209.323,17.792,185.29
CosmicShark,CosmicShark_16,CosmicShark_Tubby,6,0,1,1,0,1,0,0,2,0,1,1,1,14.533,4.703,68.344,1.5,80.924,36.368,2.097,7.5,10.5,142.046,12.074,199.035
ForceBadger,ForceBadger_03,ForceBadger17,1,1,0,1,1,1,0,1,1,0,2,1,1,3.75,3.75,14.063,1,18.589,29.234,6.294,9.6,11.119,18.903,1.607,96.542
ForceBadger,ForceBadger_01,ForceBadger4,2,1,1,1,1,0,0,2,2,0,2,0,2,3.3,3,9.9,1.1,22.621,10.89,3.812,10.296,43.207,36.791,3.127,111.394
ForceBadger,ForceBadger_09,ForceBadger2,2,1,0,1,1,1,0,2,2,0,2,1,1,4.125,3.75,15.469,1.1,16.85,25.245,4.505,11.088,32.199,20.793,1.767,112.134
ForceBadger,ForceBadger_06,ForceBadger8,3,1,1,1,0,1,0,1,1,0,1,1,2,3.6,3,10.8,1.2,28.36,24.84,4.914,9.984,41.098,66.637,5.664,133.889
ForceBadger,ForceBadger_04,ForceBadger15,3,1,1,1,0,1,0,1,2,0,1,1,2,4.5,3.75,16.875,1.2,31.395,24.3,3.78,7.68,20.549,57.668,4.902,115.318
ForceBadger,ForceBadger_08,ForceBadger7,3,1,1,1,1,1,0,2,1,0,2,1,2,4.5,3.75,16.875,1.2,23.965,27.219,4.802,9.216,31.223,45.503,3.868,122.298
ForceBadger,ForceBadger_11,ForceBadger18,4,0,1,1,1,1,0,0,1,0,2,1,1,6.667,2.742,18.281,1.3,38.202,30.095,5.414,10.192,1.136,104,8.84,120.681
ForceBadger,ForceBadger_15,ForceBadger1,4,1,1,1,1,1,0,2,2,0,2,1,2,3.9,3,11.7,1.3,46.589,31.439,6.909,10.92,20.236,78,6.63,143.115
ForceBadger,ForceBadger_05,ForceBadger13,4,1,1,1,0,1,0,2,2,0,1,1,2,4.875,3.75,18.281,1.3,24.29,31.604,5.943,8.008,38.958,46.458,3.949,135.178
ForceBadger,ForceBadger_02,ForceBadger12,4,1,0,1,0,1,0,2,0,0,1,1,1,4.875,3.75,18.281,1.3,8.19,28.865,4.984,8.008,68.176,26,2.21,141.543
ForceBadger,ForceBadger_10,ForceBadger11,5,1,1,1,0,1,0,2,0,0,1,1,2,4.2,3,12.6,1.4,49.694,31.106,6.477,7.392,17.981,157.76,13.41,149.754
ForceBadger,ForceBadger_14,ForceBadger5,5,1,1,1,1,1,0,1,2,0,2,1,2,2.496,7.887,19.688,1.4,47.841,38.594,7.996,10.08,10.389,94.183,8.006,145.524
ForceBadger,ForceBadger_16,ForceBadger9,5,1,1,1,1,1,0,1,2,0,2,1,2,7.35,5.25,38.588,1.4,40.536,42.614,7.197,9.408,9.34,69.076,5.871,147.268
ForceBadger,ForceBadger_13,ForceBadger20,5,1,1,1,1,1,0,2,2,0,2,1,2,5.25,3.75,19.688,1.4,33.714,29.61,4.851,9.408,37.01,66.495,5.652,144.11
ForceBadger,ForceBadger_07,ForceBadger16,5,1,0,0,0,1,0,2,1,0,0,1,1,7.35,5.25,38.588,1.4,30.87,22.05,4.2,7.56,35.961,28,2.38,133.489
ForceBadger,ForceBadger_17,ForceBadger19,6,1,1,1,0,1,0,2,1,0,1,1,2,7.875,5.25,41.344,1.5,74.674,41.923,6.404,6.6,24.081,208.834,17.751,210.546
ForceBadger,ForceBadger_18,ForceBadger14,6,1,1,1,0,1,0,1,2,0,1,1,2,5.625,3.75,21.094,1.5,79.104,39.454,7.903,7.8,8.027,158.708,13.49,184.98
ForceBadger,ForceBadger_19,ForceBadger3,6,1,1,1,1,1,0,2,2,0,2,1,2,7.04,2.996,21.094,1.5,59.535,41.572,8.644,9,17.303,144,12.24,177.679
ForceBadger,ForceBadger_12,ForceBadger10,6,1,1,1,1,1,0,2,2,0,2,1,2,5.625,3.75,21.094,1.5,47.957,37.971,7.383,7.8,40.759,108.576,9.229,177.373
ForceBadger,ForceBadger_20,ForceBadger6,6,1,1,1,1,1,0,2,2,0,2,1,2,2.548,8.28,21.094,1.5,44.286,35.372,6.474,8.4,49.099,90,7.65,173.672
GalaxyRaptor,GalaxyRaptor_06,GalaxyRaptor11,1,1,1,1,0,1,0,0,6,0,1,1,2,5.129,2.742,14.063,1,72.89,22.067,3.786,9.6,14,81.594,6.935,154.969
GalaxyRaptor,GalaxyRaptor_01,GalaxyRaptor15,2,1,2,1,0,1,0,0,6,0,1,1,3,5.123,3.02,15.469,1.1,75.831,23.686,3.959,8.712,13.86,136.103,11.569,165.382
GalaxyRaptor,GalaxyRaptor_15,GalaxyRaptor14,2,1,0,1,0,1,0,0,4,0,1,1,1,5.358,2.887,15.469,1.1,33.648,26.04,4.783,11.88,13.86,22,1.87,114.439
GalaxyRaptor,GalaxyRaptor_02,GalaxyRaptor17,3,1,3,1,0,1,0,0,2,0,1,1,4,4.488,5.441,24.423,1.2,86.861,26.947,3.762,8.448,13.44,319.895,27.191,203.835
GalaxyRaptor,GalaxyRaptor_08,GalaxyRaptor07,3,1,3,1,0,1,0,0,7,0,1,1,4,4.5,3.75,16.875,1.2,132.739,27.117,4.766,9.216,13.44,316.525,26.905,249.898
GalaxyRaptor,GalaxyRaptor_03,GalaxyRaptor20,3,1,2,1,0,1,0,0,6,0,1,1,3,6.3,5.25,33.075,1.2,84.193,32.734,4.842,8.448,13.44,222.707,18.93,200.966
GalaxyRaptor,GalaxyRaptor_14,GalaxyRaptor16,4,1,2,1,0,1,0,0,2,0,1,1,3,8.287,4.385,36.337,1.3,110.813,44.851,8.532,10.92,12.74,456.948,38.841,276.505
GalaxyRaptor,GalaxyRaptor_09,GalaxyRaptor19,4,1,2,1,0,1,0,0,4,0,1,1,3,6.825,5.25,35.831,1.3,118.552,35.685,5.324,9.464,12.74,407.618,34.648,263.247
GalaxyRaptor,GalaxyRaptor_20,GalaxyRaptor03,4,1,3,1,0,1,0,0,5,0,1,1,4,10.818,1.69,18.281,1.3,119.763,36.398,7.621,10.192,12.74,384.882,32.715,263.476
GalaxyRaptor,GalaxyRaptor_07,GalaxyRaptor02,4,1,2,1,0,1,0,0,6,0,1,1,3,16.925,3.5,59.231,1.3,131.797,41.983,5.48,8.008,12.74,225.541,19.171,275.987
GalaxyRaptor,GalaxyRaptor_04,GalaxyRaptor04,5,1,4,1,0,1,0,0,4,0,1,1,5,12.659,1.555,19.688,1.4,177.372,29.813,4.922,6.72,11.76,672.308,57.146,346.098
GalaxyRaptor,GalaxyRaptor_10,GalaxyRaptor12,5,1,4,1,0,1,0,0,5,0,1,1,5,6.147,3.203,19.688,1.4,168.055,29.992,4.985,8.736,11.76,603.998,51.34,323.911
GalaxyRaptor,GalaxyRaptor_18,GalaxyRaptor01,5,1,4,1,0,1,0,0,7,0,1,1,5,7.35,5.25,38.588,1.4,188.65,38.884,5.892,8.736,11.76,568.24,48.3,357.909
GalaxyRaptor,GalaxyRaptor_12,GalaxyRaptor08,5,1,4,1,0,1,0,0,6,0,1,1,5,5.25,3.75,19.688,1.4,185.655,29.13,4.683,8.736,11.76,568.31,48.306,335.752
GalaxyRaptor,GalaxyRaptor_05,GalaxyRaptor18,5,1,2,1,0,1,0,0,6,0,1,1,3,7.35,5.25,38.588,1.4,161.447,39.297,6.037,7.392,11.76,542.978,46.153,325.885
GalaxyRaptor,GalaxyRaptor_11,GalaxyRaptor05,6,1,4,1,0,1,0,0,6,0,1,1,5,10.668,2.847,30.375,1.5,263.702,45.638,8.886,7.2,10.5,1016.145,86.372,497.219
GalaxyRaptor,GalaxyRaptor_13,GalaxyRaptor13,6,1,2,1,0,1,0,0,2,0,1,1,3,8.338,5.033,41.961,1.5,190.16,41.018,6.088,8.4,10.5,741.018,62.987,382.143
GalaxyRaptor,GalaxyRaptor_17,GalaxyRaptor10,6,1,3,1,0,1,0,0,6,0,1,1,4,10.161,4.069,41.344,7.5,242.5,40.306,5.838,7.2,10.5,712.933,60.599,432.608
GalaxyRaptor,GalaxyRaptor_19,GalaxyRaptor09,6,1,3,1,0,1,0,0,5,0,1,1,4,10.131,3.023,30.627,3,233.879,41.012,7.267,9.6,10.5,677.326,57.573,420.867
GalaxyRaptor,GalaxyRaptor_16,GalaxyRaptor06,6,1,3,1,0,1,0,0,6,0,1,1,4,10.125,6.75,68.344,4.5,212.743,51.771,7.488,6.6,10.5,614.024,52.192,408.276
HyperFalcon,HyperFalcon_01,HyperFalcon13,1,1,1,1,2,0,0,0,3,0,3,0,2,3,3,9,1,36.103,12.57,4.4,11.2,1.665,37.034,3.148,86.717
HyperFalcon,HyperFalcon_10,HyperFalcon7,2,1,1,1,2,0,0,0,3,0,3,0,2,3.3,3,9.9,1.1,36.036,10.89,3.812,12.672,2.06,83.6,7.106,92.193
HyperFalcon,HyperFalcon_03,HyperFalcon17,2,1,2,1,1,0,0,0,3,0,2,0,3,3.3,3,9.9,1.1,35.513,9.9,3.465,9.504,0.824,78.621,6.683,85.307
HyperFalcon,HyperFalcon_02,HyperFalcon14,3,1,2,1,0,0,0,0,1,0,1,0,3,3.6,3,10.8,1.2,44.403,10.626,3.719,7.68,13.44,141.606,12.036,114.224
HyperFalcon,HyperFalcon_08,HyperFalcon9,3,1,2,1,2,0,0,0,4,0,3,0,3,3.6,3,10.8,1.2,53.27,13.662,4.782,12.288,1.998,125.055,10.63,118.665
HyperFalcon,HyperFalcon_09,HyperFalcon18,3,1,1,1,2,0,0,0,2,0,3,0,2,3.6,3,10.8,1.2,44.289,19.271,6.745,11.52,0.799,114.884,9.765,113.735
HyperFalcon,HyperFalcon_07,HyperFalcon19,4,1,2,1,1,0,0,0,2,0,2,0,3,3.9,3,11.7,2.6,51.747,11.7,4.095,8.008,0.379,179.98,15.298,115.499
HyperFalcon,HyperFalcon_06,HyperFalcon16,4,1,2,0,1,0,0,0,2,0,1,0,3,3.9,3,11.7,1.3,50.055,23.4,3.9,8.008,4.166,163.804,13.923,127.079
HyperFalcon,HyperFalcon_04,HyperFalcon20,4,1,2,0,2,0,0,0,1,0,2,0,3,3.9,3,11.7,2.6,47.385,23.4,3.9,8.736,4.545,156,13.26,124.473
HyperFalcon,HyperFalcon_15,HyperFalcon2,4,1,2,1,2,0,0,0,4,0,3,0,3,3.9,3,11.7,1.3,60.395,9.653,3.378,12.376,2.273,153.83,13.076,124.784
HyperFalcon,HyperFalcon_20,HyperFalcon8,5,1,2,1,2,0,0,0,3,0,3,0,3,4.2,3,12.6,1.4,68.609,7.623,2.668,10.752,1.748,225.4,19.159,137.38
HyperFalcon,HyperFalcon_12,HyperFalcon11,5,1,2,1,2,0,0,0,3,0,3,0,3,4.2,3,12.6,1.4,64.897,13.86,4.851,9.408,1.049,196,16.66,136.348
HyperFalcon,HyperFalcon_14,HyperFalcon5,5,1,2,0,2,0,0,0,3,0,2,0,3,4.2,3,12.6,1.4,64.575,25.2,4.2,11.424,5.944,187.6,15.946,152.595
HyperFalcon,HyperFalcon_13,HyperFalcon6,5,1,2,1,2,0,0,0,4,0,3,0,3,4.2,3,12.6,1.4,72.702,13.86,4.851,10.08,1.398,175,14.875,142.907
HyperFalcon,HyperFalcon_05,HyperFalcon15,5,1,2,1,2,0,0,0,3,0,3,0,3,4.2,3,12.6,1.4,70.683,16.501,5.775,8.736,1.049,168.277,14.304,141.872
HyperFalcon,HyperFalcon_17,HyperFalcon10,6,1,2,1,2,0,0,0,3,0,3,0,3,4.5,3,13.5,1.5,114.876,8.168,2.859,10.8,2.185,373.381,31.737,204.763
HyperFalcon,HyperFalcon_19,HyperFalcon1,6,1,2,1,2,0,0,0,4,0,3,0,3,4.5,3,13.5,1.5,113.026,14.85,5.198,10.2,1.873,344.821,29.31,207.493
HyperFalcon,HyperFalcon_16,HyperFalcon4,6,1,2,1,2,0,0,0,3,0,3,0,3,4.5,3,13.5,1.5,90.653,11.88,4.158,10.8,2.185,304.5,25.883,176.334
HyperFalcon,HyperFalcon_11,HyperFalcon12,6,1,2,1,1,0,0,0,4,0,2,0,3,4.5,3,13.5,1.5,87.708,9.602,3.361,7.2,0.312,254.556,21.637,158.68
HyperFalcon,HyperFalcon_18,HyperFalcon3,6,1,2,1,2,0,0,0,4,0,3,0,3,4.5,3,13.5,1.5,87.272,14.85,5.198,10.2,1.873,241.806,20.554,168.328
LightFox,LightFox_01,LightFox12,1,1,2,2,0,0,0,0,1,0,2,0,3,3,3,9,1,33.473,7.469,2.614,11,14,153.408,13.04,103.353
LightFox,LightFox_03,LightFox17,2,1,4,2,0,0,0,0,1,0,2,0,5,3.3,3,9.9,2.2,47.067,2.691,0.942,10.89,13.86,210.705,17.91,117.979
LightFox,LightFox_04,LightFox19,2,1,1,2,0,1,0,0,1,0,2,1,2,2.761,11.017,30.412,1.1,37.016,21.492,1.458,12.87,13.86,110,9.35,125.116
LightFox,LightFox_05,LightFox11,3,1,2,1,0,1,0,0,1,0,1,1,3,4.5,3.75,16.875,1.2,53.66,18.78,1.848,8.448,13.44,226.92,19.288,145.106
LightFox,LightFox_20,LightFox1,3,1,3,3,0,1,0,0,1,0,3,1,4,3.6,3,10.8,1.2,47.166,17.88,2.478,11.328,13.44,222.81,18.939,136.592
LightFox,LightFox_02,LightFox13,3,1,1,1,0,0,0,0,1,0,1,0,2,3.6,3,10.8,7.2,61.955,10.976,3.842,7.68,13.44,211.543,17.981,141.356
LightFox,LightFox_09,LightFox10,4,1,3,3,0,1,0,0,1,0,3,1,4,4.875,3.75,18.281,1.3,103.26,24.46,3.442,11.466,12.74,494.084,41.997,238.838
LightFox,LightFox_08,LightFox14,4,1,4,3,0,1,0,0,1,0,3,1,5,4.875,3.75,18.281,2.6,80.855,25.999,3.981,11.466,12.74,383.358,32.585,204.286
LightFox,LightFox_07,LightFox16,4,1,2,3,0,1,0,0,1,0,3,1,3,2.029,9.011,18.281,2.6,71.397,21.366,2.359,12.194,12.74,312.087,26.527,177.476
LightFox,LightFox_06,LightFox20,4,1,3,1,0,1,0,0,1,0,1,1,4,3.9,3,11.7,2.6,66.911,15.942,1.485,8.008,12.74,289.163,24.579,158.437
LightFox,LightFox_17,LightFox9,5,1,2,1,0,1,0,0,1,0,1,1,3,7.35,5.25,38.588,1.4,192.333,28.21,2.156,7.392,11.76,1011.407,85.97,399.703
LightFox,LightFox_13,LightFox7,5,1,4,3,0,1,0,0,1,0,3,1,5,3.262,6.036,19.688,1.4,180.8,22.26,2.279,10.584,11.76,882.262,74.992,359.376
LightFox,LightFox_10,LightFox18,5,1,3,3,0,0,0,0,1,0,3,0,4,4.2,3,12.6,1.4,104.747,9.743,3.41,11.928,11.76,610.681,51.908,235.574
LightFox,LightFox_12,LightFox15,5,1,4,1,0,1,0,0,1,0,1,1,5,4.922,7.84,38.588,2.8,112.831,28.21,2.156,7.392,11.76,535.087,45.482,257.18
LightFox,LightFox_11,LightFox8,5,1,4,1,0,1,0,0,1,0,1,1,5,7.77,5.072,39.41,1.4,113.982,30.207,2.855,7.392,11.76,508.476,43.22,260.689
LightFox,LightFox_19,LightFox4,6,1,4,3,0,1,0,0,1,0,3,1,5,5.625,3.75,21.094,1.5,226.598,28.2,3.964,8.85,10.5,1309.5,111.308,465.606
LightFox,LightFox_16,LightFox3,6,1,4,3,0,1,0,0,1,0,3,1,5,6.504,6.357,41.344,1.5,203.031,41.985,6.426,12.45,10.5,1164.401,98.974,450.331
LightFox,LightFox_15,LightFox5,6,1,4,3,0,1,0,0,1,0,3,1,5,7.594,2.778,21.094,1.5,192.148,24.585,2.699,8.85,10.5,1107.243,94.116,402.491
LightFox,LightFox_14,LightFox6,6,1,4,3,0,1,0,0,1,0,3,1,5,5.625,3.75,21.094,1.5,213.941,25.133,2.89,11.85,10.5,1050.871,89.324,419.998
LightFox,LightFox_18,LightFox2,6,1,4,3,0,1,0,0,1,0,3,1,5,10.406,4.086,42.522,1.5,226.917,35.306,4.088,12.45,10.5,1351.351,114.865,492.624
MeteorMantis,MeteorMantis_01,MeteorMantis13,1,1,1,1,0,1,0,1,4,0,1,1,2,3,3,9,1,33.726,20.684,4.09,8.8,21.405,39.018,3.316,109.641
MeteorMantis,MeteorMantis_06,MeteorMantis10,2,2,1,1,0,0,0,0,2,0,1,0,3,3.3,3,9.9,2.2,51.605,12.054,4.219,10.296,13.86,80.138,6.812,118.893
MeteorMantis,MeteorMantis_03,MeteorMantis15,2,2,1,1,0,0,0,0,3,0,1,0,3,3.3,3,9.9,2.2,51.897,10.388,3.636,8.712,13.86,67.033,5.698,113.774
MeteorMantis,MeteorMantis_05,MeteorMantis20,3,2,1,1,0,1,0,0,4,0,1,1,3,1.752,6.164,10.8,2.4,53.998,24.979,4.963,8.448,13.44,96,8.16,133.148
MeteorMantis,MeteorMantis_02,MeteorMantis5,3,2,1,1,0,0,0,1,4,0,1,0,3,3.6,3,10.8,2.4,48.621,11.286,3.95,8.448,30.824,84.209,7.158,130.676
MeteorMantis,MeteorMantis_04,MeteorMantis16,3,1,1,1,0,1,0,1,3,0,1,1,2,2.16,7.813,16.875,1.2,40.54,26.285,4.475,7.68,20.549,69.503,5.908,126.564
MeteorMantis,MeteorMantis_13,MeteorMantis9,4,2,1,1,0,1,0,0,2,0,1,1,3,4.875,3.75,18.281,2.6,57.165,27.495,4.505,8.008,12.74,133.992,11.389,148.075
MeteorMantis,MeteorMantis_14,MeteorMantis7,4,2,1,1,0,1,0,1,3,0,1,1,3,4.144,4.412,18.281,2.6,65.318,24.479,3.449,8.008,19.479,116.547,9.906,156.341
MeteorMantis,MeteorMantis_09,MeteorMantis6,4,2,1,1,0,1,0,0,3,0,1,1,3,3.047,3.84,11.7,2.6,61.835,24.57,4.505,8.008,12.74,103.825,8.825,141.502
MeteorMantis,MeteorMantis_07,MeteorMantis14,4,2,1,1,0,1,0,0,3,0,1,1,3,5.205,3.512,18.281,2.6,47.886,29.861,5.333,8.008,12.74,76.616,6.512,135.033
MeteorMantis,MeteorMantis_10,MeteorMantis17,5,2,1,1,0,0,0,1,3,0,1,0,3,4.2,3,12.6,2.8,84.603,16.408,5.743,7.392,17.981,188.079,15.987,174.152
MeteorMantis,MeteorMantis_15,MeteorMantis12,5,2,1,1,0,1,0,1,4,0,1,1,3,3.007,4.19,12.6,2.8,107.375,30.178,6.152,8.064,26.971,135.193,11.491,213.974
MeteorMantis,MeteorMantis_18,MeteorMantis3,5,2,1,1,0,1,0,0,4,0,1,1,3,7.505,3.983,29.889,2.8,76.317,34.02,5.292,8.064,11.76,131.982,11.218,179.686
MeteorMantis,MeteorMantis_12,MeteorMantis4,5,2,1,1,0,1,0,1,4,0,1,1,3,4.788,4.112,19.688,2.8,61.346,31.487,5.508,7.392,35.961,130.447,11.088,179.49
MeteorMantis,MeteorMantis_08,MeteorMantis1,5,2,1,1,0,1,0,1,4,0,1,1,3,5.25,3.75,19.688,2.8,65.018,31.529,5.523,7.392,35.961,109.087,9.272,181.221
MeteorMantis,MeteorMantis_20,MeteorMantis2,6,2,1,1,0,1,0,1,3,0,1,1,3,5.113,4.126,21.094,3,116.605,34.455,6.153,6.6,16.054,290.22,24.669,239.334
MeteorMantis,MeteorMantis_19,MeteorMantis19,6,2,1,1,0,1,0,1,3,0,1,1,3,5.625,3.75,21.094,4.5,102.187,39.91,8.062,6,16.054,249.403,21.199,226.728
MeteorMantis,MeteorMantis_16,MeteorMantis18,6,2,1,0,0,1,0,1,3,0,0,1,3,5.524,7.485,41.344,3,108.689,23.625,4.5,6.75,40.135,244.592,20.79,243.761
MeteorMantis,MeteorMantis_17,MeteorMantis8,6,2,1,1,0,1,0,0,2,0,1,1,3,6.005,6.885,41.344,3,75.728,33.901,3.597,6.6,10.5,184.429,15.676,182.398
MeteorMantis,MeteorMantis_11,MeteorMantis11,6,2,1,1,0,1,0,1,4,0,1,1,3,4,5.274,21.094,4.5,89.93,32.726,5.548,6,16.054,170.542,14.496,193.147
NightAye,NightAye_01,NightAye12,1,1,0,0,0,0,1,0,2,0,0,1,1,33.631,1.093,36.75,1,13.64,21,3,9,14,20,1.7,114.683
NightAye,NightAye_03,NightAye13,2,1,3,0,0,0,1,0,2,0,0,1,4,11.714,1.761,20.625,1.1,64.12,16.5,3.3,8.91,13.86,154.346,13.119,151.908
NightAye,NightAye_06,NightAye15,2,1,3,1,0,0,1,0,2,0,1,1,4,14.349,0.92,13.2,1.1,57.272,26.4,4.62,7.92,13.86,144.297,12.265,153.962
NightAye,NightAye_13,NightAye11,3,1,3,0,0,0,1,0,2,0,0,1,4,23.4,0.962,22.5,1.2,69.41,18,3.6,8.64,13.44,189.748,16.129,174.476
NightAye,NightAye_07,NightAye18,3,1,2,0,0,0,1,0,3,0,0,1,3,15.3,1.471,22.5,1.2,76.297,18,3.6,8.64,13.44,178.681,15.188,172.167
NightAye,NightAye_09,NightAye10,3,1,3,1,0,0,1,0,3,0,1,1,4,11.32,1.988,22.5,1.2,68.418,39.087,7.381,7.68,13.44,172.8,14.688,183.221
NightAye,NightAye_04,NightAye6,4,1,2,0,0,0,1,0,3,0,0,1,3,26.325,0.926,24.375,1.3,95.267,19.5,3.9,8.19,12.74,253.708,21.565,212.587
NightAye,NightAye_05,NightAye16,4,1,3,1,0,0,1,0,3,0,1,1,4,19.5,1.25,24.375,1.3,86.927,30.988,4.021,7.28,12.74,243.599,20.706,206.597
NightAye,NightAye_10,NightAye14,4,1,2,1,0,0,1,0,2,0,1,1,3,26.325,0.926,24.375,1.3,69.206,50.7,10.92,7.28,12.74,188.5,16.023,214.998
NightAye,NightAye_15,NightAye17,4,1,3,1,0,0,1,0,2,0,1,1,4,25.35,1.917,48.588,1.3,70.013,42.9,5.46,7.28,12.74,185.019,15.727,206.177
NightAye,NightAye_14,NightAye2,5,1,4,1,0,0,1,0,2,0,1,1,5,13.32,1.261,16.8,1.4,144.14,31.08,4.998,6.72,11.76,376.738,32.023,272.845
NightAye,NightAye_18,NightAye20,5,1,3,1,0,0,1,0,3,0,1,1,4,21,1.25,26.25,1.4,130.786,37.8,5.88,6.72,11.76,351.727,29.897,273.763
NightAye,NightAye_02,NightAye8,5,1,3,0,0,0,1,0,3,0,0,1,4,28.348,1.38,39.131,1.4,115.813,25.2,4.2,7.56,11.76,295.092,25.083,247.797
NightAye,NightAye_08,NightAye5,5,1,3,1,0,0,1,0,3,0,1,1,4,34.43,1.659,57.134,1.4,104.364,46.2,5.88,6.72,11.76,288.223,24.499,265.528
NightAye,NightAye_16,NightAye19,5,1,3,0,0,0,1,0,3,0,0,1,4,29.4,1.3,38.22,2.8,102.845,25.2,4.2,7.56,11.76,278.174,23.645,233.367
NightAye,NightAye_17,NightAye3,6,1,4,1,0,0,1,0,3,0,1,1,5,22.5,1.25,28.125,1.5,220.61,40.5,6.3,6,10.5,582.02,49.472,397.359
NightAye,NightAye_12,NightAye9,6,1,4,0,0,0,1,0,3,0,0,1,5,37.8,0.476,18,1.5,175.922,18,4.5,6.75,10.5,480,40.8,327.955
NightAye,NightAye_19,NightAye1,6,1,4,1,0,0,1,0,3,0,1,1,5,23.625,2.333,55.125,1.5,159.191,51.3,6.93,6.6,10.5,420.186,35.716,332.279
NightAye,NightAye_20,NightAye7,6,1,4,1,0,0,1,0,2,0,1,1,5,48.15,2.911,140.143,1.5,131.155,73.8,8.505,6.6,10.5,351.867,29.909,353.558
NightAye,NightAye_11,NightAye4,6,1,4,0,0,0,1,0,2,0,0,1,5,60.84,2.462,149.768,1.5,110.53,49.5,4.5,6.75,10.5,317.472,26.985,312.561
ProtonLegacy,ProtonLegacy_03,ProtonLegacy16,1,1,0,1,0,1,0,1,1,0,1,1,1,3,3,9,1,11.622,18.9,3.465,8.8,21.405,16.894,1.436,81.656
ProtonLegacy,ProtonLegacy_02,ProtonLegacy13,2,1,2,1,0,1,0,0,0,0,1,1,3,2.347,4.219,9.9,2.2,17.196,13.412,1.229,7.92,13.86,54.592,4.64,75.198
ProtonLegacy,ProtonLegacy_04,ProtonLegacy17,2,1,0,0,0,1,0,1,3,0,0,1,1,4.125,3.75,15.469,1.1,22.844,12.375,3.3,8.91,21.191,22,1.87,91.229
ProtonLegacy,ProtonLegacy_05,ProtonLegacy11,3,1,2,0,0,1,0,0,2,0,0,1,3,5.406,1.998,10.8,1.2,54.575,10.8,3.6,8.64,13.44,43.2,3.672,115.648
ProtonLegacy,ProtonLegacy_06,ProtonLegacy2,3,1,2,1,0,1,0,1,4,0,1,1,3,3.6,3,10.8,1.2,47.766,18.603,2.731,8.448,20.549,34.444,2.928,119.58
ProtonLegacy,ProtonLegacy_01,ProtonLegacy9,3,1,0,1,0,0,0,0,4,0,1,0,1,3.6,3,10.8,1.2,79.266,11.88,4.158,8.448,13.44,24,2.04,138.533
ProtonLegacy,ProtonLegacy_08,ProtonLegacy3,4,1,2,0,0,1,0,0,4,0,0,1,3,5.488,3.331,18.281,1.3,55.952,14.625,3.9,8.19,12.74,95.523,8.119,129.476
ProtonLegacy,ProtonLegacy_09,ProtonLegacy18,4,1,2,0,0,1,0,1,3,0,0,1,3,4.875,3.75,18.281,1.3,35.317,14.625,3.9,8.19,29.218,78,6.63,121.844
ProtonLegacy,ProtonLegacy_14,ProtonLegacy4,4,1,2,1,0,1,0,1,3,0,1,1,3,4.875,3.75,18.281,1.3,49.276,23.026,2.94,8.008,19.479,75.917,6.453,133.57
ProtonLegacy,ProtonLegacy_10,ProtonLegacy5,4,1,2,1,0,1,0,1,4,0,1,1,3,4.875,3.75,18.281,1.3,46.25,22.254,2.67,8.008,9.739,74.297,6.315,119.457
ProtonLegacy,ProtonLegacy_15,ProtonLegacy6,5,1,2,1,0,1,0,0,3,0,1,1,3,5.25,3.75,19.688,1.4,72.124,24.628,3.107,7.392,11.76,154.872,13.164,160.615
ProtonLegacy,ProtonLegacy_11,ProtonLegacy15,5,1,2,0,0,1,0,1,2,0,0,1,3,7.35,5.25,38.588,1.4,35.28,22.05,4.2,7.56,17.981,84,7.14,126.866
ProtonLegacy,ProtonLegacy_17,ProtonLegacy20,5,1,2,1,0,1,0,1,1,0,1,1,3,7.35,5.25,38.588,1.4,29.885,38.682,5.821,7.392,17.981,80.872,6.874,138.983
ProtonLegacy,ProtonLegacy_12,ProtonLegacy14,5,1,2,1,0,1,0,0,2,0,1,1,3,7.35,5.25,38.588,1.4,33.262,34.257,4.272,7.392,11.76,74.586,6.34,129.525
ProtonLegacy,ProtonLegacy_07,ProtonLegacy12,5,1,2,0,0,1,0,0,1,0,0,1,3,4.859,7.942,38.588,1.4,30.508,22.05,4.2,7.56,11.76,72.8,6.188,111.853
ProtonLegacy,ProtonLegacy_19,ProtonLegacy10,6,1,2,1,0,1,0,0,4,0,1,1,3,7.673,8.912,68.388,3,79.638,39.055,3.038,9,10.5,182.477,15.511,200.875
ProtonLegacy,ProtonLegacy_20,ProtonLegacy8,6,1,2,1,0,1,0,1,3,0,1,1,3,5.625,3.75,21.094,1.5,72.17,33.305,5.751,6.6,16.054,174,14.79,178.18
ProtonLegacy,ProtonLegacy_18,ProtonLegacy7,6,1,2,1,0,1,0,0,3,0,1,1,3,5.799,7.129,41.344,1.5,86.64,34.799,3.911,6.6,10.5,159.6,13.566,191.696
ProtonLegacy,ProtonLegacy_13,ProtonLegacy19,6,1,2,0,0,1,0,1,3,0,0,1,3,7.875,5.25,41.344,1.5,56.333,23.625,4.5,6.75,16.054,114.934,9.769,152.085
ProtonLegacy,ProtonLegacy_16,ProtonLegacy1,6,1,2,1,0,1,0,1,4,0,1,1,3,9.344,7.548,70.527,1.5,50.992,41.714,3.969,6.6,16.054,86.879,7.385,168.028
SpaceExcalibur,SpaceExcalibur_03,SpaceExcalibur20,1,1,0,0,1,1,0,0,3,0,1,1,1,2.739,5.134,14.063,1,24.844,19.848,3.009,12,6.243,20,1.7,86.995
SpaceExcalibur,SpaceExcalibur_10,SpaceExcalibur11,2,1,2,0,1,1,0,0,5,0,1,1,3,2.41,6.419,15.469,1.1,67.564,19.405,2.461,8.712,4.533,121.676,10.342,137.25
SpaceExcalibur,SpaceExcalibur_12,SpaceExcalibur15,2,1,3,0,2,1,0,0,6,0,2,1,4,3.149,4.912,15.469,1.1,52.78,22.528,3.554,12.672,6.593,109.12,9.275,131.392
SpaceExcalibur,SpaceExcalibur_09,SpaceExcalibur18,3,1,2,0,3,1,0,0,3,0,3,1,3,3.068,5.501,16.875,1.2,78.663,32.735,6.732,13.056,6.793,191.623,16.288,182.09
SpaceExcalibur,SpaceExcalibur_01,SpaceExcalibur19,3,1,2,0,1,1,0,0,3,0,1,1,3,3.13,5.392,16.875,1.2,59.654,22.74,3.234,8.448,4.395,107.225,9.114,131.732
SpaceExcalibur,SpaceExcalibur_06,SpaceExcalibur16,3,1,1,0,1,1,1,0,5,0,1,2,2,35.768,7.261,259.703,1.2,52.688,59.505,4.762,8.448,4.395,95.215,8.093,216.492
SpaceExcalibur,SpaceExcalibur_11,SpaceExcalibur2,4,1,4,0,3,1,0,0,4,0,3,1,5,3.567,5.125,18.281,1.3,118.332,26.455,4.141,9.464,4.924,397.735,33.808,234.334
SpaceExcalibur,SpaceExcalibur_02,SpaceExcalibur6,4,1,1,0,1,1,1,0,2,0,1,2,2,29.63,8.144,241.296,1.3,114.234,51.025,3.185,7.28,3.788,331.924,28.214,285.968
SpaceExcalibur,SpaceExcalibur_04,SpaceExcalibur8,4,1,2,0,1,1,1,0,4,0,1,2,3,45.243,8.66,391.798,1.3,99.82,60.477,3.763,8.008,4.166,244.32,20.767,292.166
SpaceExcalibur,SpaceExcalibur_14,SpaceExcalibur17,4,1,3,0,1,1,1,0,3,0,1,2,4,20.06,6.788,136.169,1.3,100.515,47.108,2.838,8.008,4.166,239.115,20.325,244.777
SpaceExcalibur,SpaceExcalibur_19,SpaceExcalibur4,5,1,6,0,2,1,0,0,2,0,2,1,7,3.842,5.125,19.688,1.4,201.72,29.999,4.987,11.424,5.944,709.649,60.32,366.165
SpaceExcalibur,SpaceExcalibur_17,SpaceExcalibur14,5,1,4,0,3,1,0,0,6,0,3,1,5,3.755,5.243,19.688,1.4,177.742,32.848,5.984,12.768,6.643,536.933,45.639,326.192
SpaceExcalibur,SpaceExcalibur_13,SpaceExcalibur10,5,1,2,0,3,1,1,0,9,0,3,2,3,32.762,7.605,249.172,2.8,170.778,64.754,6.861,11.424,5.944,354.462,30.129,374.101
SpaceExcalibur,SpaceExcalibur_08,SpaceExcalibur9,5,1,1,0,1,1,1,0,3,0,1,2,2,48.775,14.728,718.333,1.4,69.175,92.747,4.164,11.424,5.944,153.016,13.006,309.253
SpaceExcalibur,SpaceExcalibur_05,SpaceExcalibur12,5,1,2,0,3,1,1,0,4,0,3,2,3,49.328,9.043,446.097,1.4,61.74,77.63,5.488,10.752,5.594,140,11.9,272.212
SpaceExcalibur,SpaceExcalibur_20,SpaceExcalibur5,6,1,8,0,2,1,1,0,5,0,2,2,9,24.599,7.646,188.098,1.5,308.082,62.025,4.778,7.8,4.058,1067.332,90.723,584.259
SpaceExcalibur,SpaceExcalibur_18,SpaceExcalibur1,6,1,8,0,3,1,1,0,9,0,3,2,9,37.125,5.5,204.188,1.5,218.241,64.125,5.513,9,4.682,603.926,51.334,452.206
SpaceExcalibur,SpaceExcalibur_15,SpaceExcalibur7,6,1,4,0,3,1,1,0,4,0,3,2,5,37.681,9.095,342.709,1.5,182.717,67.154,4.21,9,4.682,518.942,44.11,413.392
SpaceExcalibur,SpaceExcalibur_16,SpaceExcalibur13,6,1,4,0,3,1,1,0,5,0,3,2,5,84.208,11.717,986.669,1.5,170.133,106.319,5.318,9,4.682,476.66,40.516,502.031
SpaceExcalibur,SpaceExcalibur_07,SpaceExcalibur3,6,1,4,0,1,1,1,0,3,0,1,2,5,57.267,10.098,578.276,1.5,102.222,84.825,3.308,6,3.122,270,22.95,340.632
StarForce,StarForce_02,StarForce18,1,0,0,0,0,0,0,0,0,0,0,0,0,3,3,9,1,6.3,18,3,9,14,8,2,66.825
StarForce,StarForce_06,StarForce10,2,0,0,0,0,0,0,0,0,0,0,0,0,3.3,3,9.9,1.1,6.93,19.8,3.3,8.91,13.86,8.8,2.2,69.778
StarForce,StarForce_14,StarForce13,2,0,0,0,0,0,0,0,0,0,0,0,0,3.3,3,9.9,1.1,6.93,19.8,3.3,8.91,13.86,8.8,2.2,69.778
StarForce,StarForce_03,StarForce6,3,0,0,0,0,0,0,0,0,0,0,0,0,3.6,3,10.8,1.2,7.56,21.6,3.6,8.64,13.44,9.6,2.4,72.27
StarForce,StarForce_09,StarForce7,3,0,0,0,0,0,0,0,0,0,0,0,0,3.6,3,10.8,1.2,7.56,21.6,3.6,8.64,13.44,9.6,2.4,72.27
StarForce,StarForce_10,StarForce4,3,0,0,0,0,0,0,0,0,0,0,0,0,3.6,3,10.8,1.2,7.56,21.6,3.6,8.64,13.44,9.6,2.4,72.27
StarForce,StarForce_01,StarForce17,4,0,0,0,0,0,0,0,0,0,0,0,0,3.9,3,11.7,1.3,8.19,23.4,3.9,8.19,12.74,10.4,2.6,74.303
StarForce,StarForce_08,StarForce20,4,0,0,0,0,0,0,0,0,0,0,0,0,3.9,3,11.7,1.3,8.19,23.4,3.9,8.19,12.74,10.4,2.6,74.303
StarForce,StarForce_12,StarForce16,4,0,0,0,0,0,0,0,0,0,0,0,0,3.9,3,11.7,1.3,8.19,23.4,3.9,8.19,12.74,10.4,2.6,74.303
StarForce,StarForce_17,StarForce8,4,0,0,0,0,0,0,0,0,0,0,0,0,3.9,3,11.7,1.3,8.19,23.4,3.9,8.19,12.74,10.4,2.6,74.303
StarForce,StarForce_04,StarForce15,5,0,0,0,0,0,0,0,0,0,0,0,0,4.2,3,12.6,1.4,8.82,25.2,4.2,7.56,11.76,11.2,2.8,75.875
StarForce,StarForce_07,StarForce19,5,0,0,0,0,0,0,0,0,0,0,0,0,4.2,3,12.6,1.4,8.82,25.2,4.2,7.56,11.76,11.2,2.8,75.875
StarForce,StarForce_13,StarForce3,5,0,0,0,0,0,0,0,0,0,0,0,0,4.2,3,12.6,1.4,8.82,25.2,4.2,7.56,11.76,11.2,2.8,75.875
StarForce,StarForce_15,StarForce9,5,0,0,0,0,0,0,0,0,0,0,0,0,4.2,3,12.6,1.4,8.82,25.2,4.2,7.56,11.76,11.2,2.8,75.875
StarForce,StarForce_19,StarForce2,5,0,0,0,0,0,0,0,0,0,0,0,0,4.2,3,12.6,1.4,8.82,25.2,4.2,7.56,11.76,11.2,2.8,75.875
StarForce,StarForce_16,StarForce1,6,1,1,2,1,1,0,0,2,0,3,1,2,5.056,4.172,21.094,1.5,36.153,21.741,1.703,7.8,0.312,87.428,7.431,99.658
StarForce,StarForce_20,StarForce5,6,1,1,1,0,0,0,0,2,0,1,0,2,4.5,3,13.5,1.5,47.887,7.348,2.572,8.25,10.5,76.834,6.531,104.083
StarForce,StarForce_05,StarForce11,6,0,0,0,0,0,0,0,0,0,0,0,0,4.5,3,13.5,1.5,9.45,27,4.5,6.75,10.5,12,3,76.988
StarForce,StarForce_11,StarForce12,6,0,0,0,0,0,0,0,0,0,0,0,0,4.5,3,13.5,1.5,9.45,27,4.5,6.75,10.5,12,3,76.988
StarForce,StarForce_18,StarForce14,6,0,0,0,0,0,0,0,0,0,0,0,0,4.5,3,13.5,1.5,9.45,27,4.5,6.75,10.5,12,3,76.988
StriderOx,StriderOx_01,StriderOx16,1,1,1,1,1,0,0,0,2,0,2,0,2,3,3,9,1,19.862,9.9,3.465,11.2,1.249,40,3.4,66.235
StriderOx,StriderOx_02,StriderOx18,2,1,1,1,1,1,0,0,2,0,2,1,2,2.577,3.842,9.9,1.1,25.16,20.79,3.812,9.504,0.412,44,3.74,80.488
StriderOx,StriderOx_06,StriderOx14,2,1,0,1,1,1,0,1,3,0,2,1,1,3.3,3,9.9,1.1,21.414,20.79,3.812,11.088,22.428,22,1.87,98.264
StriderOx,StriderOx_10,StriderOx6,3,1,1,1,1,1,0,1,3,0,2,1,2,3.6,3,10.8,1.2,38.869,22.68,4.158,9.984,21.348,72,6.12,122.757
StriderOx,StriderOx_03,StriderOx15,3,1,1,1,1,0,0,1,2,0,2,0,2,3.6,3,10.8,1.2,37.8,10.8,3.78,9.216,11.074,72,6.12,98.35
StriderOx,StriderOx_05,StriderOx20,3,1,1,1,1,1,0,1,2,0,2,1,2,4.5,3.75,16.875,1.2,27.214,21.833,2.916,9.216,20.949,48,4.08,108.419
StriderOx,StriderOx_07,StriderOx19,4,1,1,1,1,1,0,1,2,0,2,1,2,6.753,2.707,18.281,1.3,39.12,25.152,3.685,8.736,10.118,78,6.63,119.419
StriderOx,StriderOx_04,StriderOx11,4,1,1,1,0,1,0,0,3,0,1,1,2,4.875,3.75,18.281,1.3,44.727,23.356,3.056,8.008,12.74,74.144,6.302,122.349
StriderOx,StriderOx_13,StriderOx8,4,1,1,1,1,1,0,1,3,0,2,1,2,6.243,2.928,18.281,1.3,37.405,21.931,2.557,9.464,20.236,62.723,5.331,121.778
StriderOx,StriderOx_08,StriderOx13,4,1,1,1,1,1,0,1,3,0,2,1,2,4.875,3.75,18.281,1.3,42.639,27.495,4.505,8.736,19.858,52,4.42,130.935
StriderOx,StriderOx_12,StriderOx3,5,1,1,1,1,1,0,1,3,0,2,1,2,7.875,2.5,19.688,1.4,53.505,22.68,2.426,8.736,18.68,100.8,8.568,143.034
StriderOx,StriderOx_14,StriderOx7,5,1,1,1,1,1,0,1,2,0,2,1,2,4.725,4.167,19.688,1.4,39.69,24.061,2.909,8.736,36.66,84,7.14,143.384
StriderOx,StriderOx_15,StriderOx1,5,1,1,1,1,1,0,1,3,0,2,1,2,4.2,3,12.6,1.4,43.88,24.36,4.116,8.736,45.651,84,7.14,154.694
StriderOx,StriderOx_09,StriderOx12,5,1,1,1,1,1,0,1,2,0,2,1,2,5.25,3.75,19.688,1.4,34.839,29.61,4.851,8.736,18.68,82.6,7.021,128.225
StriderOx,StriderOx_20,StriderOx5,5,1,1,1,1,1,0,1,3,0,2,1,2,7.954,2.475,19.688,1.4,57.415,29.61,4.851,8.736,27.67,77.32,6.572,162.661
StriderOx,StriderOx_11,StriderOx9,6,1,1,1,1,1,0,1,3,0,2,1,2,6.334,5.011,31.737,1.5,47.95,29.16,3.119,7.8,16.678,106.835,9.081,143.707
StriderOx,StriderOx_18,StriderOx10,6,1,1,1,1,1,0,1,3,0,2,1,2,7.875,5.25,41.344,1.5,49.886,38.475,5.198,7.8,16.678,97.498,8.287,160.515
StriderOx,StriderOx_19,StriderOx17,6,1,1,1,1,1,0,1,3,0,2,1,2,10.088,2.091,21.094,1.5,51.975,31.725,5.198,7.8,32.732,90,7.65,167.286
StriderOx,StriderOx_16,StriderOx4,6,1,1,1,1,1,0,1,2,0,2,1,2,11.025,3.75,41.344,1.5,45.037,29.71,2.13,7.2,16.678,73.563,6.253,143.309
StriderOx,StriderOx_17,StriderOx2,6,1,1,1,1,1,0,1,3,0,2,1,2,7.875,5.25,41.344,1.5,37.8,34.112,3.67,7.8,16.678,60,5.1,137.561
