"Family","CanonicalComponentId","AliasCount","Aliases"
"AstroEagle","Cockpit","1","Cockpit"
"AstroEagle","Cockpit_Base_1","1","Cockpit_Base_1"
"AstroEagle","Cockpit_Base_2","1","Cockpit_Base_2"
"AstroEagle","Engine_1","1","Engine_1"
"AstroEagle","Engine_2","1","Engine_2"
"AstroEagle","Fin","1","Fin"
"AstroEagle","Part_1","1","Part_1"
"AstroEagle","Part_2","1","Part_2"
"AstroEagle","Part_3","1","Part_3"
"AstroEagle","Part_4","1","Part_4"
"AstroEagle","Tail","1","Tail"
"AstroEagle","Thruster","1","Thruster"
"AstroEagle","Weapon","1","Weapon"
"AstroEagle","Wing_1","2","Wing_1|Wing_1_Mirrored"
"AstroEagle","Wing_2","1","Wing_2"
"AstroEagle","Wing_3","1","Wing_3"
"AstroEagle","Wing_4","1","Wing_4"
"AstroEagle","Wing_5","1","Wing_5"
"CosmicShark","Blitzer","1","Blitzer"
"CosmicShark","Body","1","Body"
"CosmicShark","Booster","1","Booster"
"CosmicShark","Bruiser","1","Bruiser"
"CosmicShark","CEO","1","CEO"
"CosmicShark","Cruiser","1","Cruiser"
"CosmicShark","Donkey","1","Donkey"
"CosmicShark","Duet","1","Duet"
"CosmicShark","Engine1","1","Engine1"
"CosmicShark","Engine2","1","Engine2"
"CosmicShark","Falcon","1","Falcon"
"CosmicShark","G6","1","G6"
"CosmicShark","Goldie","1","Goldie"
"CosmicShark","Hull","1","Hull"
"CosmicShark","Knob","1","Knob"
"CosmicShark","Lander","1","Lander"
"CosmicShark","Mouse","1","Mouse"
"CosmicShark","October","1","October"
"CosmicShark","Pony","1","Pony"
"CosmicShark","Scout","1","Scout"
"CosmicShark","Skater","1","Skater"
"CosmicShark","Sly","1","Sly"
"CosmicShark","Sprinter","1","Sprinter"
"CosmicShark","Thruster","1","Thruster"
"CosmicShark","Tubby","1","Tubby"
"CosmicShark","Weapon","1","Weapon"
"CosmicShark","Wing1","1","Wing1"
"CosmicShark","Wing2","1","Wing2"
"CosmicShark","Zam","1","Zam"
"ForceBadger","Cockpit","1","Cockpit"
"ForceBadger","Engine","1","Engine"
"ForceBadger","Fin","1","Fin"
"ForceBadger","Sensor","1","Sensor"
"ForceBadger","Support","1","Support"
"ForceBadger","Tail","1","Tail"
"ForceBadger","Thruster","1","Thruster"
"ForceBadger","Weapon","1","Weapon"
"ForceBadger","Wing","1","Wing"
"GalaxyRaptor","Acc","2","Acc|Acc_Mirrored"
"GalaxyRaptor","Barrel","1","Barrel"
"GalaxyRaptor","Cockpit","1","Cockpit"
"GalaxyRaptor","Cylinder","1","Cylinder"
"GalaxyRaptor","Detail","1","Detail"
"GalaxyRaptor","Engine","1","Engine"
"GalaxyRaptor","Gun","1","Gun"
"GalaxyRaptor","MainBody1","1","MainBody1"
"GalaxyRaptor","MainBody2","1","MainBody2"
"GalaxyRaptor","MainBody3","1","MainBody3"
"GalaxyRaptor","MainBody4","1","MainBody4"
"GalaxyRaptor","ThrustCover","1","ThrustCover"
"GalaxyRaptor","Wing1","1","Wing1"
"GalaxyRaptor","Wing2","1","Wing2"
"GalaxyRaptor","Wing3","1","Wing3"
"GalaxyRaptor","Wing4","1","Wing4"
"GalaxyRaptor","WingHolder","1","WingHolder"
"HyperFalcon","Cockpit","1","Cockpit"
"HyperFalcon","Core","1","Core"
"HyperFalcon","Engine","1","Engine"
"HyperFalcon","Exhaust","1","Exhaust"
"HyperFalcon","Support","1","Support"
"HyperFalcon","Thruster","1","Thruster"
"HyperFalcon","Tracks","1","Tracks"
"HyperFalcon","Vents","1","Vents"
"HyperFalcon","Wing_1","1","Wing_1"
"HyperFalcon","Wing_2","1","Wing_2"
"LightFox","Body","2","Body|Body (1)"
"LightFox","Cockpit","1","Cockpit"
"LightFox","CockpitCover","2","CockpitCover|CockpitCover (1)"
"LightFox","Engine1","2","Engine1|Engine1 (1)"
"LightFox","Engine2","6","Engine2|Engine2 (1)|Engine2 (2)|Engine2_Mirrored|Engine2_Mirrored (1)|Engine2_Mirrored (2)"
"LightFox","Weapon","2","Weapon|Weapon (1)"
"LightFox","Wing_1","2","Wing_1|Wing_1 (1)"
"LightFox","Wing_2","2","Wing_2|Wing_2 (1)"
"LightFox","Wing_3","3","Wing_3|Wing_3 (1)|Wing_3 (2)"
"LightFox","Wing_4","9","Wing_4|Wing_4 (1)|Wing_4 (2)|Wing_4 (3)|Wing_4 (4)|Wing_4 (5)|Wing_4 (6)|Wing_4 (7)|Wing_4 (8)"
"MeteorMantis","Arm","1","Arm"
"MeteorMantis","Body","1","Body"
"MeteorMantis","Cockpit","1","Cockpit"
"MeteorMantis","Cockpit_Base","1","Cockpit_Base"
"MeteorMantis","Engine","1","Engine"
"MeteorMantis","Joint","1","Joint"
"MeteorMantis","Shell","1","Shell"
"MeteorMantis","Tail","1","Tail"
"MeteorMantis","Weapon","1","Weapon"
"MeteorMantis","Wing","1","Wing"
"NightAye","Cockpit","1","Cockpit"
"NightAye","Engine","1","Engine"
"NightAye","Hood","1","Hood"
"NightAye","Hull","1","Hull"
"NightAye","Missile","1","Missile"
"NightAye","Spike","1","Spike"
"NightAye","WingMain","1","WingMain"
"NightAye","WingMini","1","WingMini"
"NightAye","WingTip","1","WingTip"
"NightAye","WingWide","1","WingWide"
"ProtonLegacy","Arm","1","Arm"
"ProtonLegacy","Cockpit","1","Cockpit"
"ProtonLegacy","Core","1","Core"
"ProtonLegacy","Engine","1","Engine"
"ProtonLegacy","Fin","1","Fin"
"ProtonLegacy","Ring","1","Ring"
"ProtonLegacy","Solar","1","Solar"
"ProtonLegacy","Weapon","1","Weapon"
"ProtonLegacy","Wing","2","Wing|Wing_Mirrored"
"SpaceExcalibur","Ammunition","1","Ammunition"
"SpaceExcalibur","Armor_01","2","Armor_01|Armor_01_Mirrored"
"SpaceExcalibur","Armor_02","2","Armor_02|Armor_02_Mirrored"
"SpaceExcalibur","Body_01","1","Body_01"
"SpaceExcalibur","Body_02","1","Body_02"
"SpaceExcalibur","Body_03","1","Body_03"
"SpaceExcalibur","Cockpit","1","Cockpit"
"SpaceExcalibur","Hatch","1","Hatch"
"SpaceExcalibur","Machinegun","1","Machinegun"
"SpaceExcalibur","Missile","1","Missile"
"SpaceExcalibur","Missile_Launcher","1","Missile_Launcher"
"SpaceExcalibur","Small_Wing","1","Small_Wing"
"SpaceExcalibur","Something","1","Something"
"SpaceExcalibur","Thruster_Place","2","Thruster_Place|Thruster_Place_Mirrored"
"SpaceExcalibur","Thrusters","1","Thrusters"
"SpaceExcalibur","Thrusters_Big","1","Thrusters_Big"
"SpaceExcalibur","Tiny_Thrusters","1","Tiny_Thrusters"
"SpaceExcalibur","Tiny_Wing","1","Tiny_Wing"
"SpaceExcalibur","Wing_01","2","Wing_01|Wing_01_Mirrored"
"SpaceExcalibur","Wing_02","2","Wing_02|Wing_02_Mirrored"
"SpaceExcalibur","Wing_03","2","Wing_03|Wing_03_Mirrored"
"StarForce","Body1","4","Body1|Body1 (1)|Body1 (2)|Body1 (3)"
"StarForce","Body2","9","Body2|Body2 (1)|Body2 (2)|Body2 (3)|Body2 (4)|Body2 (5)|Body2 (6)|Body2 (7)|Body2 (8)"
"StarForce","Cockpit","3","Cockpit|Cockpit (1)|Cockpit (2)"
"StarForce","Engine","5","Engine|Engine (1)|Engine (2)|Engine (3)|Engine (4)"
"StarForce","EngineComp1","5","EngineComp1|EngineComp1 (1)|EngineComp1 (2)|EngineComp1 (3)|EngineComp1 (4)"
"StarForce","EngineComp2","5","EngineComp2|EngineComp2 (1)|EngineComp2 (2)|EngineComp2 (3)|EngineComp2 (4)"
"StarForce","Flap","8","Flap (1)|Flap (2)|Flap (3)|Flap (4)|Flap (5)|Flap (6)|Flap (7)|Flap (8)"
"StarForce","Thruster","5","Thruster|Thruster (1)|Thruster (2)|Thruster (3)|Thruster (4)"
"StarForce","Weapon","9","Weapon|Weapon (1)|Weapon (2)|Weapon (3)|Weapon (4)|Weapon (5)|Weapon (6)|Weapon (7)|Weapon (8)"
"StarForce","Wing","9","Wing|Wing (1)|Wing (2)|Wing (3)|Wing (4)|Wing (5)|Wing (6)|Wing (7)|Wing (8)"
"StriderOx","Arm","1","Arm"
"StriderOx","Cockpit","1","Cockpit"
"StriderOx","Core","1","Core"
"StriderOx","Cover","1","Cover"
"StriderOx","Engine","1","Engine"
"StriderOx","Fin","1","Fin"
"StriderOx","Support","1","Support"
"StriderOx","Thruster","1","Thruster"
"StriderOx","Weapon","1","Weapon"
"StriderOx","Wing","1","Wing"
